7201 東証1部 日産自動車(株)（輸送用機器）,,,,,,
日付,始値,高値,安値,終値,出来高,終値調整値
2018/1/4,1130,1136.5,1128,1134,15474800,1134
2018/1/5,1138,1149.5,1137,1149,17994900,1149
2018/1/9,1154,1167.5,1153.5,1156.5,20405500,1156.5
2018/1/10,1156.5,1162,1155,1156.5,13119400,1156.5
2018/1/11,1150,1158.5,1150,1157.5,12324500,1157.5
2018/1/12,1155,1157,1146.5,1148.5,13584700,1148.5
2018/1/15,1152,1159.5,1150,1150,9583800,1150
2018/1/16,1149,1157,1148,1154.5,9263900,1154.5
2018/1/17,1151.5,1152.5,1147,1149.5,12801100,1149.5
2018/1/18,1160,1162,1143.5,1145.5,19085000,1145.5
2018/1/19,1149.5,1157,1145.5,1154,15182500,1154
2018/1/22,1158,1165,1154.5,1163,16118500,1163
2018/1/23,1165,1177,1164.5,1176,17415200,1176
2018/1/24,1172,1178,1169.5,1172.5,14115300,1172.5
2018/1/25,1170,1172,1164,1169,15258500,1169
2018/1/26,1175,1186.5,1173.5,1182,20238200,1182
2018/1/29,1185.5,1197,1183,1193.5,17093600,1193.5
2018/1/30,1188.5,1189,1170.5,1176,19818500,1176
2018/1/31,1170,1175.5,1163.5,1163.5,18367500,1163.5
2018/2/1,1172,1178,1165,1171,12825000,1171
2018/2/2,1169.5,1176,1167,1173,14713500,1173
2018/2/5,1162.5,1172,1159,1169.5,15504200,1169.5
2018/2/6,1145,1158,1132,1151,38787800,1151
2018/2/7,1177,1177.5,1152,1152,24442500,1152
2018/2/8,1156,1169,1154,1163.5,17457700,1163.5
2018/2/9,1115,1128,1103.5,1127.5,40169700,1127.5
2018/2/13,1133,1134,1117,1117.5,26306400,1117.5
2018/2/14,1118,1119.5,1106,1111,21788700,1111
2018/2/15,1117,1118.5,1110,1113,17332900,1113
2018/2/16,1120.5,1126.5,1115,1115.5,15157300,1115.5
2018/2/19,1120,1127.5,1118,1127,12954200,1127
2018/2/20,1123,1124,1113,1117,17178100,1117
2018/2/21,1119,1123.5,1116,1121.5,15176800,1121.5
2018/2/22,1114,1114.5,1107,1112,16204600,1112
2018/2/23,1109,1122,1107.5,1119.5,18498500,1119.5
2018/2/26,1123.5,1131,1121.5,1129,14288200,1129
2018/2/27,1131,1141,1129.5,1132.5,16284400,1132.5
2018/2/28,1130.5,1133.5,1125,1125,14853600,1125
2018/3/1,1120,1123.5,1115.5,1120.5,17238600,1120.5
2018/3/2,1110,1111,1102,1105,22197100,1105
2018/3/5,1107,1111,1103,1108.5,14141000,1108.5
2018/3/6,1124,1124,1110.5,1112.5,14053700,1112.5
2018/3/7,1109,1121.5,1105,1105,18312400,1105
2018/3/8,1118.5,1122.5,1109,1113.5,17378500,1113.5
2018/3/9,1114,1122.5,1108.5,1112,21133800,1112
2018/3/12,1122,1131.5,1119,1130.5,14838800,1130.5
2018/3/13,1127.5,1131,1122,1130,14685000,1130
2018/3/14,1125,1129.5,1122,1125.5,12342200,1125.5
2018/3/15,1125.5,1127,1118.5,1122,14701900,1122
2018/3/16,1123,1126.5,1119.5,1123.5,16618700,1123.5
2018/3/19,1123,1123.5,1111.5,1113,14131800,1113
2018/3/20,1111,1120.5,1108.5,1119.5,13178400,1119.5
2018/3/22,1120.5,1121.5,1111.5,1116,19659800,1116
2018/3/23,1108,1111,1103,1105,32438000,1105
2018/3/26,1104.5,1106,1095.5,1105,25660900,1105
2018/3/27,1118,1130,1115,1130,29868100,1130
2018/3/28,1073.5,1099.5,1073.5,1099.5,22589700,1099.5
2018/3/29,1108.5,1113,1085,1094.5,17148000,1094.5
2018/3/30,1101,1106.5,1094.5,1104,14944400,1104
2018/4/2,1100,1111,1100,1103.5,11466700,1103.5
2018/4/3,1093,1100.5,1091,1098,10907500,1098
2018/4/4,1102,1111,1096.5,1109,14216900,1109
2018/4/5,1107.5,1113.5,1104.5,1108.5,13321800,1108.5
2018/4/6,1114,1118.5,1112.5,1115.5,15404000,1115.5
2018/4/9,1113.5,1120,1111,1118,9939200,1118
2018/4/10,1115,1129.5,1114.5,1126,18078300,1126
2018/4/11,1127,1127.5,1120,1122,11188600,1122
2018/4/12,1122,1123.5,1116.5,1122,10399500,1122
2018/4/13,1125.5,1127.5,1123.5,1125,10786000,1125
2018/4/16,1125,1129,1124,1129,9449500,1129
2018/4/17,1127,1132,1125,1128.5,11766800,1128.5
2018/4/18,1132,1138,1129.5,1133.5,12586000,1133.5
2018/4/19,1133.5,1139,1133,1135.5,10925500,1135.5
2018/4/20,1135,1139.5,1133.5,1135,10228700,1135
2018/4/23,1138,1139,1134,1135,8443200,1135
2018/4/24,1139.5,1148.5,1137.5,1148,13085600,1148
2018/4/25,1145,1153,1145,1153,10846700,1153
2018/4/26,1153,1157.5,1149.5,1155,12788700,1155
2018/4/27,1155,1157,1138,1151.5,12606400,1151.5
2018/5/1,1151,1151.5,1142.5,1151.5,8684800,1151.5
2018/5/2,1148,1148.5,1127,1127.5,13632800,1127.5
2018/5/7,1127,1130,1122,1126.5,10460000,1126.5
2018/5/8,1117.5,1118.5,1107.5,1113,14387500,1113
2018/5/9,1108,1109.5,1097,1099,17578300,1099
2018/5/10,1108,1112,1104,1110.5,10195600,1110.5
2018/5/11,1107,1113,1104,1111,11723200,1111
2018/5/14,1111.5,1119,1109,1116,10161400,1116
2018/5/15,1122,1135.5,1121,1125.5,13587200,1125.5
2018/5/16,1126.5,1139,1125.5,1133.5,12863100,1133.5
2018/5/17,1133.5,1141.5,1133,1137,8396900,1137
2018/5/18,1142,1147.5,1141,1146,9254100,1146
2018/5/21,1145,1148,1143.5,1144,7279600,1144
2018/5/22,1144,1145,1136.5,1144,7712400,1144
2018/5/23,1138.5,1145.5,1135,1138.5,9121600,1138.5
2018/5/24,1126,1133.5,1113,1118.5,15211000,1118.5
2018/5/25,1116.5,1120,1112,1116,10705300,1116
2018/5/28,1116,1117.5,1101.5,1108,9391400,1108
2018/5/29,1115,1115.5,1103,1108.5,8438700,1108.5
2018/5/30,1100,1101,1082.5,1085,16509700,1085
2018/5/31,1090.5,1095,1080.5,1080.5,34222800,1080.5
2018/6/1,1077.5,1088,1068,1077,15654900,1077
2018/6/4,1081,1099.5,1081,1098.5,9346200,1098.5
2018/6/5,1099,1100.5,1086,1086,9521600,1086
2018/6/6,1091,1094,1088,1091.5,9076500,1091.5
2018/6/7,1099.5,1106,1096.5,1103,8075700,1103
2018/6/8,1094,1103,1093,1094,10852700,1094
2018/6/11,1100,1103,1093,1099.5,6503700,1099.5
2018/6/12,1106,1109.5,1098.5,1101,9194000,1101
2018/6/13,1100.5,1107,1099,1104.5,7928100,1104.5
2018/6/14,1099,1099.5,1090,1090,12422000,1090
2018/6/15,1095,1097,1087,1091,12768300,1091
2018/6/18,1089,1089.5,1079,1083,10974900,1083
2018/6/19,1085,1088,1076,1076,10896600,1076
2018/6/20,1077,1083,1071,1081,10031400,1081
2018/6/21,1077.5,1083.5,1074,1079,8874200,1079
2018/6/22,1075.5,1080,1066,1078.5,12293300,1078.5
2018/6/25,1075,1076.5,1067,1067.5,10142800,1067.5
2018/6/26,1066,1073,1060.5,1070.5,9567100,1070.5
2018/6/27,1074,1074,1066,1072,7107100,1072
2018/6/28,1073,1077.5,1070,1074.5,10033800,1074.5
2018/6/29,1077,1078,1068.5,1078,10953600,1078
2018/7/2,1067.5,1071,1052.5,1053,15877200,1053
2018/7/3,1055,1055.5,1038,1043,16839700,1043
2018/7/4,1039,1049,1035.5,1045.5,11056500,1045.5
2018/7/5,1047.5,1054,1041,1042,9851300,1042
2018/7/6,1048.5,1057,1046.5,1051.5,12770600,1051.5
2018/7/9,1052.5,1054.5,999.5,1003.5,39241300,1003.5
2018/7/10,1025.5,1045,1023.5,1041.5,25303100,1041.5
2018/7/11,1028.5,1031,1012,1020,19984700,1020
2018/7/12,1020,1026,1016,1022,13379100,1022
2018/7/13,1021.5,1033,1017.5,1028.5,14396300,1028.5
2018/7/17,1030,1043.5,1026.5,1037,10779800,1037
2018/7/18,1038.5,1043.5,1035.5,1038.5,9801800,1038.5
2018/7/19,1040,1043,1037.5,1039.5,7965300,1039.5
2018/7/20,1038,1042.5,1033,1034.5,10861300,1034.5
2018/7/23,1033.5,1037,1027.5,1027.5,10083800,1027.5
2018/7/24,1030,1033.5,1029,1032,9618800,1032
2018/7/25,1035.5,1037.5,1033,1035,8201600,1035
2018/7/26,1040,1045.5,1037.5,1039,10992700,1039
2018/7/27,1033,1038.5,1030.5,1036.5,11534000,1036.5
2018/7/30,1041.5,1056.5,1039.5,1055,12613900,1055
2018/7/31,1063,1065,1055,1055.5,18972200,1055.5
2018/8/1,1063,1065,1052,1064,10747000,1064
2018/8/2,1055,1059.5,1045,1047,15969300,1047
2018/8/3,1047,1050,1042,1043,11844200,1043
2018/8/6,1046,1051.5,1041.5,1049,7596800,1049
2018/8/7,1049,1055,1048,1055,7223100,1055
2018/8/8,1055.5,1061,1052,1054,7260100,1054
2018/8/9,1050,1050,1044.5,1045.5,7477500,1045.5
2018/8/10,1046,1048.5,1040,1042,7916800,1042
2018/8/13,1039,1039,1028,1030,12632900,1030
2018/8/14,1036,1038.5,1033,1037.5,7729900,1037.5
2018/8/15,1038.5,1043,1031,1033.5,8081600,1033.5
2018/8/16,1030,1040,1024,1040,13010100,1040
2018/8/17,1040,1041.5,1034,1038,7911100,1038
2018/8/20,1038,1040,1033.5,1040,7784800,1040
2018/8/21,1040,1043.5,1037.5,1042.5,8171300,1042.5
2018/8/22,1044.5,1058.5,1039,1057,10986500,1057
2018/8/23,1052,1053.5,1036,1036,11858500,1036
2018/8/24,1037,1038,1026,1031.5,13373100,1031.5
2018/8/27,1034.5,1039.5,1032.5,1039,8521000,1039
2018/8/28,1051,1064.5,1051,1052.5,16774700,1052.5
2018/8/29,1051,1055.5,1046,1052,9190700,1052
2018/8/30,1052.5,1056.5,1048,1048,10271200,1048
2018/8/31,1045,1045,1040,1040,10966500,1040
2018/9/3,1041,1041,1035.5,1037,7685400,1037
2018/9/4,1039.5,1040.5,1035.5,1040.5,10563600,1040.5
2018/9/5,1035.5,1036.5,1030,1030,14586900,1030
2018/9/6,1029,1031.5,1022,1027.5,10147800,1027.5
2018/9/7,1024,1025.5,1019,1021,15897400,1021
2018/9/10,1021,1028.5,1020.5,1025,9007900,1025
2018/9/11,1025.5,1036.5,1024,1036.5,10004900,1036.5
2018/9/12,1031,1035,1024.5,1028,10639200,1028
2018/9/13,1027,1046.5,1024,1045.5,12763300,1045.5
2018/9/14,1046.5,1060,1045.5,1060,15909200,1060
2018/9/18,1060.5,1075.5,1058,1074,17998800,1074
2018/9/19,1081,1090,1080.5,1086.5,14508900,1086.5
2018/9/20,1090,1094,1084.5,1090.5,12963900,1090.5
2018/9/21,1094.5,1105.5,1093,1105.5,20449900,1105.5
2018/9/25,1100.5,1108.5,1095.5,1100,32277900,1100
2018/9/26,1060,1064,1047,1054.5,27831100,1054.5
2018/9/27,1060,1061,1051.5,1053.5,13055700,1053.5
2018/9/28,1059.5,1063.5,1054,1063.5,14353300,1063.5
2018/10/1,1063.5,1063.5,1051,1051.5,9582100,1051.5
2018/10/2,1050,1059,1046,1056.5,14596300,1056.5
2018/10/3,1049,1049.5,1033.5,1034.5,14906200,1034.5
2018/10/4,1045,1048,1036.5,1038.5,12728900,1038.5
2018/10/5,1033.5,1044.5,1031,1037,10780400,1037
2018/10/9,1032,1036,1028.5,1029,12399100,1029
2018/10/10,1030,1032,1026,1029,9763400,1029
2018/10/11,1007.5,1013.5,1002,1007,25827100,1007
2018/10/12,1005,1011.5,1003.5,1007,14630500,1007
2018/10/15,1007,1007,1000.5,1000.5,13350700,1000.5
2018/10/16,1001,1012,1000,1010.5,9875100,1010.5
2018/10/17,1017.5,1017.5,1007,1009.5,11222100,1009.5
2018/10/18,1009,1011,1006,1006.5,9498500,1006.5
2018/10/19,1001,1003,998,1001.5,18437600,1001.5
2018/10/22,999.7,1007.5,995.5,1003.5,11764800,1003.5
2018/10/23,1000.5,1001,993.5,994,17185300,994
2018/10/24,999.7,1001,990.4,998.3,13434500,998.3
2018/10/25,983.3,987,974.6,979.7,19049800,979.7
2018/10/26,986.2,995.8,982.4,990.9,13480200,990.9
2018/10/29,996.3,1000.5,992,994.3,8593900,994.3
2018/10/30,995.2,1012,993.3,1009,16031700,1009
2018/10/31,1013,1027.5,1012.5,1027.5,17105100,1027.5
2018/11/1,1026,1030.5,1018.5,1024.5,10338200,1024.5
2018/11/2,1024.5,1029.5,1015,1027.5,12648400,1027.5
2018/11/5,1020,1020.5,1010,1016.5,8479100,1016.5
2018/11/6,1018,1034,1017.5,1032.5,11431200,1032.5
2018/11/7,1028.5,1034.5,1016.5,1021,13223600,1021
2018/11/8,1032,1034.5,1026.5,1030,10633300,1030
2018/11/9,1020,1032.5,1017,1027,11147000,1027
2018/11/12,1020,1029.5,1017,1029,6458600,1029
2018/11/13,1015,1017,1005,1008.5,12967700,1008.5
2018/11/14,1015,1028,1011.5,1022.5,11381400,1022.5
2018/11/15,1016,1016,1006,1015.5,10113600,1015.5
2018/11/16,1013,1015,1007.5,1010,8584700,1010
2018/11/19,1006,1013,1003,1005.5,7511100,1005.5
2018/11/20,941,971.9,940,950.7,140553200,950.7
2018/11/21,945,963.7,942,954.1,51266800,954.1
2018/11/22,950.2,964.3,950.2,961.5,31501300,961.5
2018/11/26,965.1,978.4,962.7,978.4,23529000,978.4
2018/11/27,985.8,988.9,967,975.7,23942000,975.7
2018/11/28,972.2,972.4,958.3,971.5,23201500,971.5
2018/11/29,972.2,992.4,972.1,984.7,22217300,984.7
2018/11/30,989.8,997.8,982.3,994.3,32496100,994.3
2018/12/3,1004,1008.5,999.6,1006.5,15178800,1006.5
2018/12/4,1004.5,1007,994.6,994.6,13087100,994.6
2018/12/5,984.7,997.7,982,995.2,10363000,995.2
2018/12/6,990,993.4,972.6,973.5,19628400,973.5
2018/12/7,973.5,976,959.1,973.3,19842500,973.3
2018/12/10,951,958,942.4,945,23654000,945
2018/12/11,941,946.8,912.1,915.7,28854800,915.7
2018/12/12,920,941,920,924.4,22295600,924.4
2018/12/13,930,937.9,922.4,937,15537100,937
2018/12/14,940,944.4,930,932.5,22273800,932.5
2018/12/17,930,936.2,926.2,929.9,11856300,929.9
2018/12/18,925,937.8,920.7,927.9,13898600,927.9
2018/12/19,922,927.8,917.2,921.5,11495500,921.5
2018/12/20,915,922.7,900.2,901.3,17032200,901.3
2018/12/21,899,899,874.3,882.9,23967000,882.9
2018/12/25,848.3,852.4,835.5,838.1,25689900,838.1
2018/12/26,841.2,865.7,840.9,856.9,17329900,856.9
2018/12/27,890,890.7,872.2,884.8,17619900,884.8
2018/12/28,880,888.8,878,880.3,11783600,880.3
2019/1/4,856.1,870.1,854.3,869.8,16057100,869.8
2019/1/7,894,900.7,879.7,893.1,14665700,893.1
2019/1/8,893.5,899.8,884,895,15072600,895
2019/1/9,896,902.9,891,898.2,11876700,898.2
2019/1/10,898,901.5,892.3,897.8,9533000,897.8
2019/1/11,902,906.9,900.5,905.5,9491800,905.5
2019/1/15,900,908.7,896.4,903.7,12253000,903.7
2019/1/16,901,908.2,895.2,906.3,10453900,906.3
2019/1/17,907.9,909.6,904.2,907.1,9232800,907.1
2019/1/18,910,916.8,908.3,913.5,8933900,913.5
2019/1/21,923,923.2,913.5,917.5,10505000,917.5
2019/1/22,921,923.8,910.9,913.8,8392300,913.8
2019/1/23,910,917.4,908.6,910.3,8609200,910.3
2019/1/24,903.1,911.4,899.7,905.5,11504800,905.5
2019/1/25,910.1,930.7,910.1,927.7,13817200,927.7
2019/1/28,932.5,936.6,903,920.3,16398100,920.3
2019/1/29,913,919.3,910.5,918.5,7888900,918.5
2019/1/30,921.1,925.5,912,913.6,10123100,913.6
2019/1/31,924.2,929.8,917.9,926.8,9306200,926.8
2019/2/1,924.6,927.8,921.1,925.3,6461700,925.3
2019/2/4,928.5,933.9,925.6,933.3,8477900,933.3
2019/2/5,938.2,938.4,929.1,930.9,7168200,930.9
2019/2/6,937.9,937.9,928.6,930.3,8801700,930.3
2019/2/7,928.9,929.9,919,928.1,7534000,928.1
2019/2/8,920.6,923.7,913.3,914.3,9804100,914.3
2019/2/12,915,938,915,931.4,10558100,931.4
2019/2/13,921.8,938.3,920.1,938.3,14507300,938.3
2019/2/14,924.7,947.8,924.7,944,14541400,944
2019/2/15,940.5,940.7,930.8,935,11090000,935
2019/2/18,948,952.4,944,948.1,9278800,948.1
2019/2/19,949.8,950,943.3,945.4,8777000,945.4
2019/2/20,948,955.8,944.7,948,11804300,948
2019/2/21,946.6,954.8,944.2,948.6,11773300,948.6
2019/2/22,945,948.5,942.3,947.6,7020500,947.6
2019/2/25,955,956.9,952,952.8,8661900,952.8
2019/2/26,955,958,953.5,958,8854600,958
2019/2/27,959,969.6,959,966.2,10666100,966.2
2019/2/28,966,966,958,962.4,10555300,962.4
2019/3/1,962,966,955.1,963.3,10276900,963.3
2019/3/4,969,969,960,962.5,10413200,962.5
2019/3/5,956.6,956.7,940.1,940.1,19670300,940.1
2019/3/6,941,945.5,936.4,938.2,10635300,938.2
2019/3/7,930.5,931.5,916.7,918.9,14263300,918.9
2019/3/8,918,921.5,910.8,911.5,14095200,911.5
2019/3/11,911.6,926.8,909,921.6,10919100,921.6
2019/3/12,923.2,934.2,922,930.7,9749300,930.7
2019/3/13,928.5,933.8,924,929.3,10773500,929.3
2019/3/14,940,943.4,930.3,930.9,11705700,930.9
2019/3/15,938.8,943.2,936.7,938.5,13284700,938.5
2019/3/18,945.5,950.9,945.5,950.4,10076700,950.4
2019/3/19,955,958.8,948.8,952,12402200,952
2019/3/20,953.9,957,951.3,951.4,11519600,951.4
2019/3/22,959.3,959.3,951.3,957.3,14040900,957.3
2019/3/25,951.3,951.3,940.9,945.4,16016500,945.4
2019/3/26,949,958.9,945.1,958.5,24346400,958.5
2019/3/27,925,928.7,912.2,925,25109600,925
2019/3/28,917.4,922.3,908.3,910.4,15528600,910.4
2019/3/29,915,916.7,907.3,908.2,10296700,908.2
2019/4/1,916,929.3,915.8,924.5,13493900,924.5
2019/4/2,928.3,936.6,926,932.7,13533300,932.7
2019/4/3,935.9,943.3,932,938.3,11291600,938.3
2019/4/4,938.3,946.6,938.3,943.7,9606000,943.7
2019/4/5,938.7,946.2,938,944.1,9042900,944.1
2019/4/8,943,943.4,933.4,936.3,7833600,936.3
2019/4/9,933.4,940.6,933.1,937.6,7831000,937.6
2019/4/10,931,931.4,923.2,926,9593500,926
2019/4/11,923.7,932.2,921.8,930.7,8161600,930.7
2019/4/12,932,934.2,927,929,6829900,929
2019/4/15,935,940.8,933.2,936.4,8623400,936.4
2019/4/16,930,938.4,929,934.7,7889500,934.7
2019/4/17,937.9,958,937.8,957.5,18739800,957.5
2019/4/18,957.5,966,956.8,960.8,14172300,960.8
2019/4/19,957.9,957.9,931.3,939.3,18629700,939.3
2019/4/22,937.3,947.4,937.3,944.5,6625300,944.5
2019/4/23,943.1,946.5,939.4,942.6,10342800,942.6
2019/4/24,917,926.4,904,904.9,31788100,904.9
2019/4/25,898.6,899.7,876.6,888.9,26085500,888.9
2019/4/26,888.7,895.3,876,893.3,16644900,893.3
2019/5/7,890,890.6,874.9,878,22575200,878
2019/5/8,876.3,878.3,868,873.7,17660500,873.7
2019/5/9,868.2,868.2,858.2,858.4,15428100,858.4
2019/5/10,863.7,868,855.2,858.5,13390600,858.5
2019/5/13,853.5,868.6,848.9,865.7,13601200,865.7
2019/5/14,844,862.9,825,840.2,25591500,840.2
2019/5/15,795,795.7,772.8,785.8,37086800,785.8
2019/5/16,785,799.6,778.9,787.1,24078100,787.1
2019/5/17,789.6,790.5,777.6,780.4,16924100,780.4
2019/5/20,777.2,781.5,763.9,770.1,15617600,770.1
2019/5/21,773,773.4,761.2,771.3,12966900,771.3
2019/5/22,769,771.2,755.2,756.1,16637300,756.1
2019/5/23,751.5,757.2,744,747.6,15810700,747.6
2019/5/24,731,743.9,728,740.6,14238600,740.6
2019/5/27,740.8,750.5,738,747.8,14284900,747.8
2019/5/28,777.8,777.8,758.5,765.1,33194600,765.1
2019/5/29,757,784.7,752,779.2,23301700,779.2
2019/5/30,769.7,777,765.7,775.8,14472000,775.8
2019/5/31,749.4,755.3,733.7,734.6,29185000,734.6
2019/6/3,723.3,745.6,722,744.8,14207300,744.8
2019/6/4,741.9,760.3,740.5,758.8,14795700,758.8
2019/6/5,770,772.2,760.6,762.9,12913900,762.9
2019/6/6,735.6,756.1,733.9,749.9,22326900,749.9
2019/6/7,756.2,764.8,750.2,761,12345100,761
2019/6/10,772,776.7,764.1,767.4,9594100,767.4
2019/6/11,768.5,773.1,765.1,770.1,8475900,770.1
2019/6/12,770.1,770.9,761.3,765.6,10135500,765.6
2019/6/13,760,772,750.1,756.8,11493600,756.8
2019/6/14,754.3,761,753,755.5,10420900,755.5
2019/6/17,760.8,770.5,757.9,757.9,8726600,757.9
2019/6/18,759.3,764.4,750.1,752.5,9437900,752.5
2019/6/19,758.1,767.8,755.2,763,9618300,763
2019/6/20,770.3,773,761,762.1,7856400,762.1
2019/6/21,766.9,772.7,762.8,766.3,13776000,766.3
2019/6/24,761,768.9,757.2,766.5,6540900,766.5
2019/6/25,769,769.9,759.6,764.3,7927000,764.3
2019/6/26,764.9,768.4,758.7,761.2,8452900,761.2
2019/6/27,767.1,779.5,763.7,777.8,11641700,777.8
2019/6/28,774,775,767,771.6,12063200,771.6
2019/7/1,776.8,789.6,776.3,789.6,12220200,789.6
2019/7/2,787.5,789,778.7,786.7,10259300,786.7
2019/7/3,784.6,784.6,767.7,770.6,11126700,770.6
2019/7/4,777.1,777.5,771.1,772.8,6209500,772.8
2019/7/5,773.8,777.3,771.8,773.4,7650600,773.4
2019/7/8,773.5,773.5,765,770.5,8022600,770.5
2019/7/9,771,775.4,769.3,772.7,8686300,772.7
2019/7/10,775.5,777.2,770.1,773.7,7763600,773.7
2019/7/11,769.1,779.2,767.9,776.3,8305800,776.3
2019/7/12,774.6,777.6,772.8,775.4,6048000,775.4
2019/7/16,776.5,782.6,772.6,774.1,9889900,774.1
2019/7/17,774,777.1,768,768,9085400,768
2019/7/18,767.7,767.7,748.2,750.5,12255300,750.5
2019/7/19,750,766.7,748.2,764.6,9487400,764.6
2019/7/22,765,771.5,763.1,766.7,6163900,766.7
2019/7/23,766.1,774.7,765.1,774.2,7124400,774.2
2019/7/24,780,784.3,778.9,781.6,9795600,781.6
2019/7/25,750,769.6,748,765.6,16927700,765.6
2019/7/26,755.1,764,741,741,20077800,741
2019/7/29,738.3,746.7,717,720.1,15693100,720.1
2019/7/30,720,731.2,719.1,727.6,14336400,727.6
2019/7/31,721,724.5,710.8,710.8,15993500,710.8
2019/8/1,702.9,713.4,700.1,709.4,11652300,709.4
2019/8/2,702.9,709.9,690.7,691.7,16969600,691.7
2019/8/5,680,680.8,653,661.9,22551200,661.9
2019/8/6,641.9,684.8,638.1,684.1,24792000,684.1
2019/8/7,682.9,689,675.6,678.9,12198400,678.9
2019/8/8,676.9,682.3,671.3,672,10999300,672
2019/8/9,677.3,679.5,670.5,675.7,7987900,675.7
2019/8/13,664,664.9,656.1,660.9,11464100,660.9
2019/8/14,662.8,666.7,659.2,662.5,9382500,662.5
2019/8/15,648.2,657.8,642.5,655.1,11013200,655.1
2019/8/16,648.9,670,645.5,658.8,13510700,658.8
2019/8/19,660.1,663.8,657.8,663.4,8288500,663.4
2019/8/20,663.1,669.3,659.6,669.3,8750200,669.3
2019/8/21,664,664,657.1,659.1,9480000,659.1
2019/8/22,655.7,663.5,651.3,663.5,13397900,663.5
2019/8/23,660.1,661.1,655.7,658.9,9976600,658.9
2019/8/26,647,651.8,642,648.8,10396600,648.8
2019/8/27,653,655.3,646.7,647.3,13804200,647.3
2019/8/28,646,651.6,640,648.4,12113400,648.4
2019/8/29,650.7,651.4,635.1,645.2,34302900,645.2
2019/8/30,638.6,657.4,638.2,656.4,19967700,656.4
2019/9/2,654.4,656.7,647.7,647.7,7701400,647.7
2019/9/3,647.6,658.3,646.9,656.3,7922100,656.3
2019/9/4,653.5,655.2,644.2,644.9,10934700,644.9
2019/9/5,643,663,642,657.7,18376800,657.7
2019/9/6,665.5,676.8,665,674,14740200,674
2019/9/9,683,684,668.2,672.5,12934900,672.5
2019/9/10,690.1,704.8,688.4,697.5,21843400,697.5
2019/9/11,710.7,719.2,708.4,718.4,19723200,718.4
2019/9/12,719.5,721.4,707,711.1,16889400,711.1
2019/9/13,712.8,713.9,702.1,713.5,16168900,713.5
2019/9/17,710,721.7,708.2,716.7,10671100,716.7
2019/9/18,717,717.5,709,713.9,11324800,713.9
2019/9/19,716.1,718.5,711.7,713.7,10569500,713.7
2019/9/20,710.1,713.3,706.3,709.3,13879500,709.3
2019/9/24,709.6,712.6,702.2,702.2,16463800,702.2
2019/9/25,699.9,707.2,695.3,705.7,11551700,705.7
2019/9/26,711.9,716.7,704.8,711.8,20712300,711.8
2019/9/27,693.3,697.7,681,685.9,15244600,685.9
2019/9/30,680,683.9,672.5,674.1,11778000,674.1
2019/10/1,683.4,695.7,682.9,694.2,11483100,694.2
2019/10/2,685.6,686.2,675.1,675.5,11187600,675.5
2019/10/3,662,664.7,654.7,657.9,12842200,657.9
2019/10/4,657.9,662,656.1,660.1,9447900,660.1
2019/10/7,664.5,667,655.7,657.1,6800100,657.1
2019/10/8,661,665.3,658.2,660.8,7702000,660.8
2019/10/9,652.8,657.3,651.4,653.5,8668100,653.5
2019/10/10,653.6,658.9,647,656.5,8691700,656.5
2019/10/11,662,669.8,660.4,668.7,12160800,668.7
2019/10/15,677.2,682.9,676.5,680.5,11945200,680.5
2019/10/16,690.5,697.5,683.6,688.8,12192700,688.8
2019/10/17,685.5,687.4,678.3,685.1,9572200,685.1
2019/10/18,690,694.3,681.7,689.3,11669600,689.3
2019/10/21,688.7,690,679.1,682.6,11704600,682.6
2019/10/23,679,683.3,670.6,671,18434200,671
2019/10/24,676,680.5,674.2,678.5,15851100,678.5
2019/10/25,682.9,684.1,675.4,681.5,9824000,681.5
2019/10/28,684.1,688,678,680.6,7980700,680.6
2019/10/29,686.8,699.6,686.1,696.6,16871400,696.6
2019/10/30,698.3,698.7,686.3,689,12914800,689
2019/10/31,692,692.1,683.7,689.4,13348400,689.4
2019/11/1,688.4,697.4,684,696.4,14692800,696.4
2019/11/5,700.1,703.5,693.8,702.8,15363400,702.8
2019/11/6,703.3,707.4,698.7,703,12913200,703
2019/11/7,699.3,699.7,691.7,697.3,10618900,697.3
2019/11/8,703.1,710,700.6,710,15141400,710
2019/11/11,710,712.2,705.9,707.4,9840100,707.4
2019/11/12,710.7,714.7,704.5,714.5,11148700,714.5
2019/11/13,685,714.8,682.7,710.9,38066000,710.9
2019/11/14,705,708.6,686.3,686.3,18709900,686.3
2019/11/15,682.9,684.6,672.3,681.5,18315800,681.5
2019/11/18,680.1,684,674.4,680.7,15104200,680.7
2019/11/19,679.5,682.3,675.8,680.3,8395700,680.3
2019/11/20,674.6,679.4,669,670.8,11193400,670.8
2019/11/21,668.6,671.6,657.6,664,16120900,664
2019/11/22,665,676.2,664.5,667.1,12890400,667.1
2019/11/25,672,674.5,667.5,674.4,11602400,674.4
2019/11/26,677.5,683.3,673.8,682.3,42046700,682.3
2019/11/27,681.3,687,680.3,681.9,10463200,681.9
2019/11/28,683.7,685.9,674.3,676.6,8181000,676.6
2019/11/29,678,682.8,677.1,678.8,8686500,678.8
2019/12/2,681.4,689.5,681.4,688.3,10270800,688.3
2019/12/3,682,682,676.6,678.2,12196200,678.2
2019/12/4,675.8,676.6,671.2,672.2,9511300,672.2
2019/12/5,677.8,678.9,674.1,676.6,8909700,676.6
2019/12/6,678,682.7,674.1,675.1,9569100,675.1
2019/12/9,681.3,688,678,687.6,13149700,687.6
2019/12/10,684,684.6,678.9,679.6,9676600,679.6
2019/12/11,675,676.9,668.8,669.6,10324400,669.6
2019/12/12,669.1,671,665.2,668.1,6847300,668.1
2019/12/13,678.1,683.6,677.4,680.5,16678000,680.5
2019/12/16,677.4,679.9,674.6,678,7222700,678
2019/12/17,679.7,680.8,672.6,673.7,9572200,673.7
2019/12/18,672,678.8,671.9,678.6,10746300,678.6
2019/12/19,676.6,676.6,669.4,671.7,7660300,671.7
2019/12/20,669,669.6,661.2,664.1,13917800,664.1
2019/12/23,662.9,663.8,653.9,655.4,10906100,655.4
2019/12/24,655.2,660.3,652.5,653.6,8828700,653.6
2019/12/25,650,650.1,633.1,633.1,21177200,633.1
2019/12/26,633,643.6,633,635.4,14615000,635.4
2019/12/27,642.2,643.9,636.2,639,9689400,639
2019/12/30,639.7,640,634.6,636.1,9317400,636.1
2020/1/6,630.7,632,619.5,625.5,17476800,625.5
2020/1/7,630.1,638.3,630,636.5,12454400,636.5
2020/1/8,630,634.8,623.8,630,14801000,630
2020/1/9,640,646.2,637,644.3,13161400,644.3
2020/1/10,644.3,646.2,636.7,636.9,12050100,636.9
2020/1/14,630,630.4,617.8,618,22549700,618
2020/1/15,620,629.2,618.6,627.5,12496000,627.5
2020/1/16,626.1,630.5,624.3,625.3,8394900,625.3
2020/1/17,627,635,626.6,634.8,9564000,634.8
2020/1/20,638,641,636.4,637.5,5206600,637.5
2020/1/21,639,641.2,633.5,634.4,6748500,634.4
2020/1/22,631,633.3,627.3,631.5,8153700,631.5
2020/1/23,629,630.4,621.3,621.6,8633300,621.6
2020/1/24,620,620.7,616,616.2,8837900,616.2
2020/1/27,609.1,609.1,597,597.7,21022800,597.7
2020/1/28,597,601.4,589,599.2,14670600,599.2
2020/1/29,598.9,600.8,594.5,599.8,8659600,599.8
2020/1/30,597.4,600.3,593.8,598.1,8354000,598.1
2020/1/31,598.2,602.6,597.7,599.5,8564800,599.5
2020/2/3,589.9,593.5,586,590,10267600,590
2020/2/4,586.9,589.4,582.8,587.6,10057600,587.6
2020/2/5,593.2,596.5,590,592.6,10432200,592.6
2020/2/6,601.6,607.6,601.4,604,13516900,604
2020/2/7,604,605.7,595.1,596.1,11162500,596.1
2020/2/10,588,591.4,584.5,587.3,7789800,587.3
2020/2/12,587,587,577,577.4,13383600,577.4
2020/2/13,570.4,572.7,564.3,568.5,16145100,568.5
2020/2/14,528.5,534.9,511,513.7,46835300,513.7
2020/2/17,505,506.5,498,502.8,25272300,502.8
2020/2/18,500,503.3,492,494.7,24386600,494.7
2020/2/19,496.5,509.4,496,504.6,20455600,504.6
2020/2/20,509.4,514.1,501.4,504.4,18192700,504.4
2020/2/21,502.7,508.1,501.5,504.1,15834700,504.1
2020/2/25,484.9,487.9,480.3,481.4,21730400,481.4
2020/2/26,473.4,482.8,471.3,481.8,19069300,481.8
2020/2/27,470.9,475.9,469.1,470.3,19643800,470.3
2020/2/28,454.3,464.7,453,463.6,29116800,463.6
2020/3/2,453.9,470.8,443.8,460.5,24801100,460.5
2020/3/3,466.4,467.8,443.1,443.1,26599000,443.1
2020/3/4,440.3,454.5,436.3,448.6,20189600,448.6
2020/3/5,450.2,451.4,441.1,445.4,15269500,445.4
2020/3/6,437,439.9,422,424.1,21743700,424.1
2020/3/9,400,402.7,387,389.2,33593900,389.2
2020/3/10,382.4,403.2,372,399.9,37890300,399.9
2020/3/11,407,421,402.5,403.4,28366100,403.4
2020/3/12,397.8,400.6,382,390.4,30853900,390.4
2020/3/13,367.1,400,360,382.7,50526300,382.7
2020/3/16,385.4,389.5,368.8,369.3,28998100,369.3
2020/3/17,361.3,382.1,356.2,378.2,30424500,378.2
2020/3/18,374.8,401.4,373,385,40688800,385
2020/3/19,395.4,415,380.7,390.3,33663000,390.3
2020/3/23,382.3,389.8,361.8,365.4,33583900,365.4
2020/3/24,376.9,381.1,360.4,366.8,30621300,366.8
2020/3/25,382.8,401.1,377.7,401.1,28187300,401.1
2020/3/26,390,392.6,372.3,380.4,28147800,380.4
2020/3/27,386,391.4,374,386.4,29122500,386.4
2020/3/30,378.4,385.2,374.2,384.9,23599200,384.9
2020/3/31,380,380.5,356.6,356.6,31871000,356.6
2020/4/1,357.9,363.5,340,342.4,31247700,342.4
2020/4/2,332,332.6,322,323.4,32114900,323.4
2020/4/3,320.2,329.4,315.4,315.5,28922700,315.5
2020/4/6,314.6,347.7,311.2,341.4,28681600,341.4
2020/4/7,350,353,335,346.7,26885700,346.7
2020/4/8,350,359,339,358.4,26202000,358.4
2020/4/9,357.1,363.5,353,363.5,21349800,363.5
2020/4/10,363.1,374.8,357.7,374.7,18448900,374.7
2020/4/13,370.1,375.9,364.7,369,13983300,369
2020/4/14,366.1,380.5,361.3,376.6,16690200,376.6
2020/4/15,373.6,375.5,367.3,369.2,15935000,369.2
2020/4/16,358.6,359,351.6,354.2,18626300,354.2
2020/4/17,361.5,372.1,358.9,364.7,25199300,364.7
2020/4/20,361.2,369.4,360.8,366.2,11714700,366.2
2020/4/21,360.1,366.9,354.3,354.7,16183300,354.7
2020/4/22,350,350.4,336.5,337.4,19877500,337.4
2020/4/23,340.8,352.7,339,351.8,18000500,351.8
2020/4/24,347.3,349.9,340.7,346.8,20458800,346.8
2020/4/27,349,360.5,345.7,360.5,15596700,360.5
2020/4/28,362.8,370.3,358,367.4,15980300,367.4
2020/4/30,380,386.4,369.8,369.8,26178000,369.8
2020/5/1,364.3,364.3,345.4,348.3,21768900,348.3
2020/5/7,340.3,341.7,331.3,333.6,21936600,333.6
2020/5/8,337.3,348,334.7,347.6,17923400,347.6
2020/5/11,355.1,380,354.8,380,23978100,380
2020/5/12,375,377.6,368.9,372.8,18455200,372.8
2020/5/13,361,369.5,359,363.2,15965100,363.2
2020/5/14,355,365,353.1,355.7,15479800,355.7
2020/5/15,369,377,364.6,369.5,22609900,369.5
2020/5/18,370,370.5,364,365,11619700,365
2020/5/20,383,385.5,376.8,381,16945900,381
2020/5/21,388.1,391.7,381.8,382.6,13469600,382.6
2020/5/22,384,388.3,370.3,373,17161400,373
2020/5/25,380,381.5,373,374.7,12582700,374.7
2020/5/26,379,397.6,375.5,393.8,26758700,393.8
2020/5/27,399.6,416.8,392.8,415.5,28368200,415.5
2020/5/28,440,457.7,432,449.4,54649800,449.4
2020/5/29,421,428.5,400.5,400.9,62720800,400.9
2020/6/1,405.1,418.7,403.1,411.9,28607600,411.9
2020/6/2,411.9,415.5,408,410.3,22450100,410.3
2020/6/3,422.7,442.5,422.3,441,40631800,441
2020/6/4,452,454.1,426.5,431.6,40178400,431.6
2020/6/5,432,452.3,431.1,452.2,30682700,452.2
2020/6/8,469,491,465.3,487.6,47077900,487.6
2020/6/9,480.1,484,458,464.1,37992600,464.1
2020/6/10,454.1,467.4,452.5,463.9,21682100,463.9
2020/6/11,440,448.4,423,423,41833100,423
2020/6/12,405,429.1,402.3,422.1,45625200,422.1
2020/6/15,415.8,425.9,408.3,408.3,23648200,408.3
2020/6/16,422.2,444,422.2,441.1,32785500,441.1
2020/6/17,434,436.9,424.8,430.1,22034600,430.1
2020/6/18,422.1,424.6,417.3,422.7,22269000,422.7
2020/6/19,429.1,429.6,419.5,419.8,28446400,419.8
2020/6/22,416,421,414.6,415.9,14748100,415.9
2020/6/23,421.3,427.7,414.9,423,22747200,423
2020/6/24,423,425.7,417.5,417.6,17741400,417.6
2020/6/25,407.4,411.3,402.1,404.9,26533700,404.9
2020/6/30,403.5,409,398.6,399.2,20125800,399.2
2020/7/1,398.6,401.5,391.3,392.7,16175300,392.7
2020/7/2,393,404.9,390.4,398.5,19214800,398.5
2020/7/3,404.5,405,388.5,394,16902500,394
2020/7/6,399,416,397,414.3,23037900,414.3
2020/7/7,406.5,409,395.7,398.8,23066500,398.8
2020/7/8,393.1,399.8,388.9,391.2,19059700,391.2
2020/7/9,391.6,395,382.1,383.5,19227300,383.5
2020/7/10,379.5,380.4,372.6,374.8,20675800,374.8
2020/7/14,387.5,393.5,382.7,390.3,14683700,390.3
2020/7/15,409,423.6,407,418.6,45754600,418.6
2020/7/16,424,446,423.3,444,60503700,444
2020/7/17,447,452.2,438.2,439.5,34077000,439.5
2020/7/21,421.3,427.8,418.4,425.4,16034700,425.4
2020/7/22,427,432.7,423.7,424.2,13902000,424.2
2020/7/27,419.8,430.6,414.1,429.4,24896300,429.4
2020/7/28,420.6,421.3,408.9,410.8,31234100,410.8
2020/7/29,386.8,393.6,368,368.1,56718200,368.1
2020/7/30,376.1,379.8,361.7,373,33638800,373
2020/7/31,371.3,371.4,361,361,34927600,361
2020/8/3,369,377.1,367,370.7,22694800,370.7
2020/8/4,377,396.5,375.6,395.2,24679900,395.2
2020/8/5,380.1,393.3,379.4,388.2,19016300,388.2
2020/8/6,384.1,387.4,378.2,379.9,17093000,379.9
2020/8/7,375,386,373.8,382,16558400,382
2020/8/12,408.5,418.2,406.8,413.9,21497100,413.9
2020/8/13,419.3,424.7,415.3,416.1,22801500,416.1
2020/8/14,416.5,418.5,413.5,416.5,12000500,416.5
2020/8/17,417.1,426.9,415.6,421.3,15650500,421.3
2020/8/18,417,422.4,413,416.8,13628400,416.8
2020/8/19,412.5,420.8,409.7,420.8,12351900,420.8
2020/8/20,416,425,415.3,416,13291300,416
2020/8/21,422.1,431.2,418.9,419.5,18650700,419.5